{"cameraMode":{"drawMode":0,"name":"Shaded","section":"Shading Mode"},"sceneLighting":true,"audioPlay":false,"sceneViewState":{"m_AlwaysRefresh":false,"showFog":true,"showSkybox":true,"showFlares":true,"showImageEffects":true,"showParticleSystems":true,"showVisualEffectGraphs":true,"m_FxEnabled":true},"in2DMode":false,"pivot":{"x":0.4567446708679199,"y":1.1794830560684205,"z":-4.282088279724121},"rotation":{"x":-0.06576517969369888,"y":0.35537511110305788,"z":-0.026313558220863344,"w":-0.9331353902816773},"size":5.095616817474365,"orthographic":false}