{"cameraMode":{"drawMode":0,"name":"Shaded","section":"Shading Mode"},"sceneLighting":true,"audioPlay":false,"sceneViewState":{"m_AlwaysRefresh":false,"showFog":true,"showSkybox":true,"showFlares":true,"showImageEffects":true,"showParticleSystems":true,"showVisualEffectGraphs":true,"m_FxEnabled":true},"in2DMode":false,"pivot":{"x":4.926509857177734,"y":0.6016342639923096,"z":-0.2966216802597046},"rotation":{"x":0.10711894929409027,"y":-0.6105433702468872,"z":0.07741706073284149,"w":0.7824119925498962},"size":3.348795175552368,"orthographic":false}