{"cameraMode":{"drawMode":0,"name":"Shaded","section":"Shading Mode"},"sceneLighting":true,"audioPlay":false,"sceneViewState":{"m_AlwaysRefresh":false,"showFog":true,"showSkybox":true,"showFlares":true,"showImageEffects":true,"showParticleSystems":true,"showVisualEffectGraphs":true,"m_FxEnabled":true},"in2DMode":false,"pivot":{"x":-28.337900161743165,"y":33.00105285644531,"z":-38.298187255859378},"rotation":{"x":-0.016245512291789056,"y":0.9428032636642456,"z":-0.051885757595300677,"w":-0.3318771421909332},"size":32.20512390136719,"orthographic":false}