{"cameraMode":{"drawMode":0,"name":"Shaded","section":"Shading Mode"},"sceneLighting":true,"audioPlay":false,"sceneViewState":{"m_AlwaysRefresh":false,"showFog":true,"showSkybox":true,"showFlares":true,"showImageEffects":true,"showParticleSystems":true,"showVisualEffectGraphs":true,"m_FxEnabled":true},"in2DMode":false,"pivot":{"x":1.095457673072815,"y":20.014644622802736,"z":2.0101141929626467},"rotation":{"x":0.2609323263168335,"y":0.39670678973197939,"z":-0.12048286199569702,"w":0.8725835680961609},"size":17.016267776489259,"orthographic":false}