{"cameraMode":{"drawMode":0,"name":"Shaded","section":"Shading Mode"},"sceneLighting":true,"audioPlay":false,"sceneViewState":{"m_AlwaysRefresh":false,"showFog":true,"showSkybox":true,"showFlares":true,"showImageEffects":true,"showParticleSystems":true,"showVisualEffectGraphs":true,"m_FxEnabled":true},"in2DMode":false,"pivot":{"x":8.081535339355469,"y":-12.838799476623536,"z":81.97782897949219},"rotation":{"x":-0.08280841261148453,"y":-0.03207569941878319,"z":0.001069122226908803,"w":-0.9970720410346985},"size":47.445953369140628,"orthographic":false}