{"cameraMode":{"drawMode":0,"name":"Shaded","section":"Shading Mode"},"sceneLighting":true,"audioPlay":false,"sceneViewState":{"m_AlwaysRefresh":false,"showFog":true,"showSkybox":true,"showFlares":true,"showImageEffects":true,"showParticleSystems":true,"showVisualEffectGraphs":true,"m_FxEnabled":true},"in2DMode":false,"pivot":{"x":-3.1003501415252687,"y":3.4285736083984377,"z":8.446783065795899},"rotation":{"x":0.0037065313663333656,"y":-0.981174886226654,"z":0.19093462824821473,"w":0.04268481954932213},"size":5.219829082489014,"orthographic":false}