{"cameraMode":{"drawMode":0,"name":"Shaded","section":"Shading Mode"},"sceneLighting":true,"audioPlay":false,"sceneViewState":{"m_AlwaysRefresh":false,"showFog":true,"showSkybox":true,"showFlares":true,"showImageEffects":true,"showParticleSystems":true,"showVisualEffectGraphs":true,"m_FxEnabled":true},"in2DMode":false,"pivot":{"x":2.6054012775421144,"y":1.8979226350784302,"z":-6.435791492462158},"rotation":{"x":0.1514628380537033,"y":-0.04612100124359131,"z":0.0026400431524962188,"w":0.9887208938598633},"size":4.6973443031311039,"orthographic":false}