{"cameraMode":{"drawMode":0,"name":"Shaded","section":"Shading Mode"},"sceneLighting":true,"audioPlay":false,"sceneViewState":{"m_AlwaysRefresh":false,"showFog":true,"showSkybox":true,"showFlares":true,"showImageEffects":true,"showParticleSystems":true,"showVisualEffectGraphs":true,"m_FxEnabled":true},"in2DMode":false,"pivot":{"x":-0.931486964225769,"y":0.4545828104019165,"z":-5.464507579803467},"rotation":{"x":0.06496910750865936,"y":-0.06518207490444184,"z":0.00013713518274016678,"w":0.9969692230224609},"size":3.451742172241211,"orthographic":false}